{
    "Modules": {
        "...MASTER...": {
            "start_perf": [
                0.30335116386413574,
                0.218167,
                0.12823499999999999,
                335832,
                335852,
                1702983078.4398091,
                25073915218219
            ],
            "child_modules": {
                "std": 1,
                "tb1": 1
            },
            "nRouts": 5,
            "nQuads": 0,
            "end_perf": [
                0.30985403060913086,
                0.220917,
                0.12823499999999999,
                335844,
                335852,
                25073935443160,
                0,
                0
            ],
            "nMops": 0
        },
        "std": {
            "Compiled": "Yes",
            "start_perf": [
                0.30994606018066406,
                0.22101799999999999,
                0.12823499999999999,
                335844,
                335852,
                1702983078.446404,
                25073935691860
            ],
            "child_modules": {},
            "svclass": [
                "$vcs_nba_dyn_obj",
                0,
                35,
                2,
                2,
                0,
                "sigprop$$",
                0,
                35,
                2,
                2,
                0,
                "process",
                0,
                200,
                8,
                8,
                0,
                "event",
                0,
                34,
                2,
                2,
                0,
                "mailbox",
                0,
                140,
                9,
                9,
                0,
                "semaphore",
                0,
                84,
                5,
                5,
                0
            ],
            "nRouts": 33,
            "end_perf": [
                0.31595611572265625,
                0.227379,
                0.12851899999999999,
                335860,
                335864,
                25073954439998,
                12884901889,
                0
            ],
            "nQuads": 218,
            "Compiled Times": 5,
            "nMops": 528
        },
        "tb1": {
            "Compiled": "Yes",
            "start_perf": [
                0.31602597236633301,
                0.22742899999999999,
                0.12854599999999999,
                335860,
                335864,
                1702983078.4524839,
                25073954561309
            ],
            "child_modules": {},
            "nRouts": 279,
            "nQuads": 2418,
            "end_perf": [
                0.34231114387512207,
                0.25646600000000003,
                0.12854599999999999,
                337980,
                337984,
                25074036423537,
                17179869185,
                0
            ],
            "Compiled Times": 5,
            "nMops": 5381
        }
    },
    "stat": {
        "ru_childs_end": {
            "ru_maxrss_kb": 50896,
            "ru_utime_sec": 0.086883000000000002,
            "ru_stime_sec": 0.048940999999999998,
            "ru_nvcsw": 40,
            "ru_minflt": 14594,
            "ru_majflt": 0,
            "ru_nivcsw": 22
        },
        "ru_self_end": {
            "ru_maxrss_kb": 108820,
            "ru_utime_sec": 0.26930799999999999,
            "ru_stime_sec": 0.130717,
            "ru_nvcsw": 25,
            "ru_minflt": 28349,
            "ru_majflt": 0,
            "ru_nivcsw": 19
        },
        "cpu_cycles_end": 25074359036517,
        "peak_mem_kb": 339916
    },
    "CompUnits": {},
    "reusePaths": {
        "amcQw_d": {
            "icPath": "csrc"
        },
        "reYIK_d": {
            "icPath": "csrc"
        },
        "Lu0Uq_d": {
            "icPath": "csrc"
        }
    },
    "ObjArchives": [
        {
            "archive": "archive.4/_44743_archive_1.a",
            "size": 102716,
            "objects": [
                [
                    "amcQwB.o",
                    102716
                ]
            ]
        }
    ]
}